,frame_count,channel,x,y,w,h,br_x,br_y,mean,max,min
0,1,1,385,356,10,36,395,392,2.1481481481481484,16,0
1,1,1,385,356,10,36,395,392,2.1481481481481484,16,0
2,2,1,385,356,10,36,395,392,14.333333333333334,149,0
3,2,1,385,356,10,36,395,392,14.333333333333334,149,0
4,3,1,385,356,10,36,395,392,19.053703703703704,255,0
5,3,1,385,356,10,36,395,392,19.053703703703704,255,0
6,4,1,385,356,10,36,395,392,16.383333333333333,235,0
7,4,1,385,356,10,36,395,392,16.383333333333333,235,0
8,5,1,385,356,10,36,395,392,4.0962962962962965,36,0
9,5,1,385,356,10,36,395,392,4.0962962962962965,36,0
10,6,1,385,356,10,36,395,392,1.0518518518518518,14,0
11,6,1,385,356,10,36,395,392,1.0518518518518518,14,0
12,7,1,385,356,10,36,395,392,7.522222222222222,134,0
13,7,1,385,356,10,36,395,392,7.522222222222222,134,0
14,8,1,385,356,10,36,395,392,6.151851851851852,123,0
15,8,1,385,356,10,36,395,392,6.151851851851852,123,0
16,9,1,385,356,10,36,395,392,2.3074074074074074,36,0
17,9,1,385,356,10,36,395,392,2.3074074074074074,36,0
18,10,1,385,356,10,36,395,392,6.503703703703704,76,0
19,10,1,385,356,10,36,395,392,6.503703703703704,76,0
20,11,1,385,356,10,36,395,392,7.968518518518518,157,0
21,11,1,385,356,10,36,395,392,7.968518518518518,157,0
22,12,1,385,356,10,36,395,392,9.107407407407408,149,0
23,12,1,385,356,10,36,395,392,9.107407407407408,149,0
24,13,1,385,356,10,36,395,392,8.148148148148149,51,0
25,13,1,385,356,10,36,395,392,8.148148148148149,51,0
26,14,1,385,356,10,36,395,392,4.279629629629629,30,0
27,14,1,385,356,10,36,395,392,4.279629629629629,30,0
28,15,1,385,356,10,36,395,392,3.212962962962963,20,0
29,15,1,385,356,10,36,395,392,3.212962962962963,20,0
30,16,1,385,356,10,36,395,392,2.8425925925925926,19,0
31,16,1,385,356,10,36,395,392,2.8425925925925926,19,0
32,17,1,385,356,10,36,395,392,0.45555555555555555,8,0
33,17,1,385,356,10,36,395,392,0.45555555555555555,8,0
34,18,1,385,356,10,36,395,392,8.116666666666667,178,0
35,18,1,385,356,10,36,395,392,8.116666666666667,178,0
36,19,1,385,356,10,36,395,392,7.572222222222222,128,0
37,19,1,385,356,10,36,395,392,7.572222222222222,128,0
38,20,1,385,356,10,36,395,392,7.7555555555555555,62,0
39,20,1,385,356,10,36,395,392,7.7555555555555555,62,0
40,21,1,385,356,10,36,395,392,3.3537037037037036,24,0
41,21,1,385,356,10,36,395,392,3.3537037037037036,24,0
42,22,1,385,356,10,36,395,392,8.068518518518518,215,0
43,22,1,385,356,10,36,395,392,8.068518518518518,215,0
44,23,1,385,356,10,36,395,392,10.244444444444444,219,0
45,23,1,385,356,10,36,395,392,10.244444444444444,219,0
46,24,1,385,356,10,36,395,392,13.122222222222222,168,0
47,24,1,385,356,10,36,395,392,13.122222222222222,168,0
48,25,1,385,356,10,36,395,392,19.55185185185185,179,0
49,25,1,385,356,10,36,395,392,19.55185185185185,179,0
50,26,1,385,356,10,36,395,392,10.709259259259259,128,0
51,26,1,385,356,10,36,395,392,10.709259259259259,128,0
52,27,1,385,356,10,36,395,392,15.2,245,0
53,27,1,385,356,10,36,395,392,15.2,245,0
54,28,1,385,356,10,36,395,392,13.962962962962964,213,0
55,28,1,385,356,10,36,395,392,13.962962962962964,213,0
56,29,1,385,356,10,36,395,392,14.88888888888889,255,0
57,29,1,385,356,10,36,395,392,14.88888888888889,255,0
58,30,1,385,356,10,36,395,392,15.944444444444445,255,0
59,30,1,385,356,10,36,395,392,15.944444444444445,255,0
60,31,1,385,356,10,36,395,392,5.611111111111111,48,0
61,31,1,385,356,10,36,395,392,5.611111111111111,48,0
62,32,1,385,356,10,36,395,392,5.5055555555555555,41,0
63,32,1,385,356,10,36,395,392,5.5055555555555555,41,0
64,33,1,385,356,10,36,395,392,1.712962962962963,32,0
65,33,1,385,356,10,36,395,392,1.712962962962963,32,0
66,34,1,385,356,10,36,395,392,1.8611111111111112,26,0
67,34,1,385,356,10,36,395,392,1.8611111111111112,26,0
68,35,1,385,356,10,36,395,392,15.335185185185185,148,0
69,35,1,385,356,10,36,395,392,15.335185185185185,148,0
70,36,1,385,356,10,36,395,392,13.575925925925926,139,0
71,36,1,385,356,10,36,395,392,13.575925925925926,139,0
72,37,1,385,356,10,36,395,392,5.372222222222222,39,0
73,37,1,385,356,10,36,395,392,5.372222222222222,39,0
74,38,1,385,356,10,36,395,392,11.948148148148148,223,0
75,38,1,385,356,10,36,395,392,11.948148148148148,223,0
76,39,1,385,356,10,36,395,392,12.03888888888889,255,0
77,39,1,385,356,10,36,395,392,12.03888888888889,255,0
78,40,1,385,356,10,36,395,392,10.514814814814814,208,0
79,40,1,385,356,10,36,395,392,10.514814814814814,208,0
80,41,1,385,356,10,36,395,392,9.314814814814815,190,0
81,41,1,385,356,10,36,395,392,9.314814814814815,190,0
82,42,1,385,356,10,36,395,392,1.4925925925925927,10,0
83,42,1,385,356,10,36,395,392,1.4925925925925927,10,0
84,43,1,385,356,10,36,395,392,9.10925925925926,66,0
85,43,1,385,356,10,36,395,392,9.10925925925926,66,0
86,44,1,385,356,10,36,395,392,10.21111111111111,202,0
87,44,1,385,356,10,36,395,392,10.21111111111111,202,0
88,45,1,385,356,10,36,395,392,14.312962962962963,152,0
89,45,1,385,356,10,36,395,392,14.312962962962963,152,0
90,46,1,385,356,10,36,395,392,1.6277777777777778,51,0
91,46,1,385,356,10,36,395,392,1.6277777777777778,51,0
92,47,1,385,356,10,36,395,392,14.037962962962963,243,0
93,47,1,385,356,10,36,395,392,14.037962962962963,243,0
94,48,1,385,356,10,36,395,392,10.51574074074074,173,0
95,48,1,385,356,10,36,395,392,10.51574074074074,173,0
96,49,1,385,356,10,36,395,392,4.988888888888889,54,0
97,49,1,385,356,10,36,395,392,4.988888888888889,54,0
98,50,1,385,356,10,36,395,392,7.383333333333334,48,0
99,50,1,385,356,10,36,395,392,7.383333333333334,48,0
100,51,1,385,356,10,36,395,392,3.2814814814814817,30,0
101,51,1,385,356,10,36,395,392,3.2814814814814817,30,0
102,52,1,385,356,10,36,395,392,5.75,39,0
103,52,1,385,356,10,36,395,392,5.75,39,0
104,53,1,385,356,10,36,395,392,7.783333333333333,160,0
105,53,1,385,356,10,36,395,392,7.783333333333333,160,0
106,54,1,385,356,10,36,395,392,7.907407407407407,152,0
107,54,1,385,356,10,36,395,392,7.907407407407407,152,0
108,55,1,385,356,10,36,395,392,5.92037037037037,39,0
109,55,1,385,356,10,36,395,392,5.92037037037037,39,0
110,56,1,385,356,10,36,395,392,4.912962962962963,31,0
111,56,1,385,356,10,36,395,392,4.912962962962963,31,0
112,57,1,385,356,10,36,395,392,2.6314814814814813,11,0
113,57,1,385,356,10,36,395,392,2.6314814814814813,11,0
114,58,1,385,356,10,36,395,392,8.488888888888889,190,0
115,58,1,385,356,10,36,395,392,8.488888888888889,190,0
116,59,1,385,356,10,36,395,392,8.940740740740742,225,0
117,59,1,385,356,10,36,395,392,8.940740740740742,225,0
118,60,1,385,356,10,36,395,392,11.177777777777777,79,0
119,60,1,385,356,10,36,395,392,11.177777777777777,79,0
120,61,1,385,356,10,36,395,392,13.75925925925926,198,0
121,61,1,385,356,10,36,395,392,13.75925925925926,198,0
122,62,1,385,356,10,36,395,392,14.343518518518518,235,0
123,62,1,385,356,10,36,395,392,14.343518518518518,235,0
124,63,1,385,356,10,36,395,392,13.142592592592592,206,0
125,63,1,385,356,10,36,395,392,13.142592592592592,206,0
126,64,1,385,356,10,36,395,392,14.406481481481482,202,0
127,64,1,385,356,10,36,395,392,14.406481481481482,202,0
128,65,1,385,356,10,36,395,392,7.112037037037037,43,0
129,65,1,385,356,10,36,395,392,7.112037037037037,43,0
130,66,1,385,356,10,36,395,392,5.5,35,0
131,66,1,385,356,10,36,395,392,5.5,35,0
132,67,1,385,356,10,36,395,392,5.333333333333333,33,0
133,67,1,385,356,10,36,395,392,5.333333333333333,33,0
134,68,1,385,356,10,36,395,392,3.2314814814814814,26,0
135,68,1,385,356,10,36,395,392,3.2314814814814814,26,0
136,69,1,385,356,10,36,395,392,1.5777777777777777,13,0
137,69,1,385,356,10,36,395,392,1.5777777777777777,13,0
138,70,1,385,356,10,36,395,392,7.7898148148148145,52,0
139,70,1,385,356,10,36,395,392,7.7898148148148145,52,0
140,71,1,385,356,10,36,395,392,1.7,16,0
141,71,1,385,356,10,36,395,392,1.7,16,0
142,72,1,385,356,10,36,395,392,2.464814814814815,35,0
143,72,1,385,356,10,36,395,392,2.464814814814815,35,0
144,73,1,385,356,10,36,395,392,5.625,44,0
145,73,1,385,356,10,36,395,392,5.625,44,0
146,74,1,385,356,10,36,395,392,5.8314814814814815,48,0
147,74,1,385,356,10,36,395,392,5.8314814814814815,48,0
148,75,1,385,356,10,36,395,392,7.770370370370371,53,0
149,75,1,385,356,10,36,395,392,7.770370370370371,53,0
150,76,1,385,356,10,36,395,392,6.059259259259259,43,0
151,76,1,385,356,10,36,395,392,6.059259259259259,43,0
152,77,1,385,356,10,36,395,392,7.970370370370371,191,0
153,77,1,385,356,10,36,395,392,7.970370370370371,191,0
154,78,1,385,356,10,36,395,392,8.86111111111111,163,0
155,78,1,385,356,10,36,395,392,8.86111111111111,163,0
156,79,1,385,356,10,36,395,392,4.437037037037037,47,0
157,79,1,385,356,10,36,395,392,4.437037037037037,47,0
158,80,1,385,356,10,36,395,392,6.561111111111111,56,0
159,80,1,385,356,10,36,395,392,6.561111111111111,56,0
160,81,1,385,356,10,36,395,392,2.3092592592592593,23,0
161,81,1,385,356,10,36,395,392,2.3092592592592593,23,0
162,82,1,385,356,10,36,395,392,5.092592592592593,36,0
163,82,1,385,356,10,36,395,392,5.092592592592593,36,0
164,83,1,385,356,10,36,395,392,5.987037037037037,41,0
165,83,1,385,356,10,36,395,392,5.987037037037037,41,0
166,84,1,385,356,10,36,395,392,6.2518518518518515,38,0
167,84,1,385,356,10,36,395,392,6.2518518518518515,38,0
168,85,1,385,356,10,36,395,392,5.276851851851852,29,0
169,85,1,385,356,10,36,395,392,5.276851851851852,29,0
170,86,1,385,356,10,36,395,392,3.009259259259259,29,0
171,86,1,385,356,10,36,395,392,3.009259259259259,29,0
172,87,1,385,356,10,36,395,392,4.57962962962963,29,0
173,87,1,385,356,10,36,395,392,4.57962962962963,29,0
174,88,1,385,356,10,36,395,392,4.611111111111111,42,0
175,88,1,385,356,10,36,395,392,4.611111111111111,42,0
176,89,1,385,356,10,36,395,392,6.592592592592593,59,0
177,89,1,385,356,10,36,395,392,6.592592592592593,59,0
178,90,1,385,356,10,36,395,392,6.531481481481482,42,0
179,90,1,385,356,10,36,395,392,6.531481481481482,42,0
180,91,1,385,356,10,36,395,392,8.64074074074074,39,0
181,91,1,385,356,10,36,395,392,8.64074074074074,39,0
182,92,1,385,356,10,36,395,392,9.811111111111112,45,0
183,92,1,385,356,10,36,395,392,9.811111111111112,45,0
184,93,1,385,356,10,36,395,392,3.0148148148148146,30,0
185,93,1,385,356,10,36,395,392,3.0148148148148146,30,0
186,94,1,385,356,10,36,395,392,0.1925925925925926,14,0
187,94,1,385,356,10,36,395,392,0.1925925925925926,14,0
188,95,1,385,356,10,36,395,392,0.0,0,0
189,95,1,385,356,10,36,395,392,0.0,0,0
190,96,1,385,356,10,36,395,392,10.144444444444444,116,0
191,96,1,385,356,10,36,395,392,10.144444444444444,116,0
192,97,1,385,356,10,36,395,392,13.40925925925926,145,0
193,97,1,385,356,10,36,395,392,13.40925925925926,145,0
194,98,1,385,356,10,36,395,392,3.477777777777778,53,0
195,98,1,385,356,10,36,395,392,3.477777777777778,53,0
196,99,1,385,356,10,36,395,392,3.2092592592592593,38,0
197,99,1,385,356,10,36,395,392,3.2092592592592593,38,0
198,100,1,385,356,10,36,395,392,11.636111111111111,160,0
199,100,1,385,356,10,36,395,392,11.636111111111111,160,0
200,101,1,385,356,10,36,395,392,10.216666666666667,181,0
201,101,1,385,356,10,36,395,392,10.216666666666667,181,0
202,102,1,385,356,10,36,395,392,6.625925925925926,45,0
203,102,1,385,356,10,36,395,392,6.625925925925926,45,0
204,103,1,385,356,10,36,395,392,6.061111111111111,35,0
205,103,1,385,356,10,36,395,392,6.061111111111111,35,0
206,104,1,385,356,10,36,395,392,5.375925925925926,28,0
207,104,1,385,356,10,36,395,392,5.375925925925926,28,0
208,105,1,385,356,10,36,395,392,4.405555555555556,45,0
209,105,1,385,356,10,36,395,392,4.405555555555556,45,0
210,106,1,385,356,10,36,395,392,3.446296296296296,50,0
211,106,1,385,356,10,36,395,392,3.446296296296296,50,0
212,107,1,385,356,10,36,395,392,1.2777777777777777,24,0
213,107,1,385,356,10,36,395,392,1.2777777777777777,24,0
214,108,1,385,356,10,36,395,392,2.8777777777777778,32,0
215,108,1,385,356,10,36,395,392,2.8777777777777778,32,0
216,109,1,385,356,10,36,395,392,15.433333333333334,255,0
217,109,1,385,356,10,36,395,392,15.433333333333334,255,0
218,110,1,385,356,10,36,395,392,13.164814814814815,191,0
219,110,1,385,356,10,36,395,392,13.164814814814815,191,0
220,111,1,385,356,10,36,395,392,2.946296296296296,23,0
221,111,1,385,356,10,36,395,392,2.946296296296296,23,0
222,112,1,385,356,10,36,395,392,4.059259259259259,21,0
223,112,1,385,356,10,36,395,392,4.059259259259259,21,0
224,113,1,385,356,10,36,395,392,2.0148148148148146,20,0
225,113,1,385,356,10,36,395,392,2.0148148148148146,20,0
226,114,1,385,356,10,36,395,392,0.0,0,0
227,114,1,385,356,10,36,395,392,0.0,0,0
228,115,1,385,356,10,36,395,392,2.8833333333333333,25,0
229,115,1,385,356,10,36,395,392,2.8833333333333333,25,0
230,116,1,385,356,10,36,395,392,1.2648148148148148,13,0
231,116,1,385,356,10,36,395,392,1.2648148148148148,13,0
232,117,1,385,356,10,36,395,392,0.0,0,0
233,117,1,385,356,10,36,395,392,0.0,0,0
234,118,1,385,356,10,36,395,392,0.0,0,0
235,118,1,385,356,10,36,395,392,0.0,0,0
236,119,1,385,356,10,36,395,392,2.387037037037037,25,0
237,119,1,385,356,10,36,395,392,2.387037037037037,25,0
238,120,1,385,356,10,36,395,392,8.664814814814815,53,0
239,120,1,385,356,10,36,395,392,8.664814814814815,53,0
240,121,1,385,356,10,36,395,392,6.181481481481481,27,0
241,121,1,385,356,10,36,395,392,6.181481481481481,27,0
242,122,1,385,356,10,36,395,392,4.575925925925926,27,0
243,122,1,385,356,10,36,395,392,4.575925925925926,27,0
244,123,1,385,356,10,36,395,392,11.424074074074074,192,0
245,123,1,385,356,10,36,395,392,11.424074074074074,192,0
246,124,1,385,356,10,36,395,392,21.392592592592592,217,0
247,124,1,385,356,10,36,395,392,21.392592592592592,217,0
248,125,1,385,356,10,36,395,392,19.985185185185184,71,0
249,125,1,385,356,10,36,395,392,19.985185185185184,71,0
250,126,1,385,356,10,36,395,392,5.912962962962963,41,0
251,126,1,385,356,10,36,395,392,5.912962962962963,41,0
252,127,1,385,356,10,36,395,392,2.9555555555555557,30,0
253,127,1,385,356,10,36,395,392,2.9555555555555557,30,0
254,128,1,385,356,10,36,395,392,11.946296296296296,255,0
255,128,1,385,356,10,36,395,392,11.946296296296296,255,0
256,129,1,385,356,10,36,395,392,9.346296296296297,174,0
257,129,1,385,356,10,36,395,392,9.346296296296297,174,0
258,130,1,385,356,10,36,395,392,9.77037037037037,146,0
259,130,1,385,356,10,36,395,392,9.77037037037037,146,0
260,131,1,385,356,10,36,395,392,8.312962962962963,128,0
261,131,1,385,356,10,36,395,392,8.312962962962963,128,0
262,132,1,385,356,10,36,395,392,14.59074074074074,255,0
263,132,1,385,356,10,36,395,392,14.59074074074074,255,0
264,133,1,385,356,10,36,395,392,13.414814814814815,207,0
265,133,1,385,356,10,36,395,392,13.414814814814815,207,0
266,134,1,385,356,10,36,395,392,8.9,51,0
267,134,1,385,356,10,36,395,392,8.9,51,0
268,135,1,385,356,10,36,395,392,4.946296296296296,28,0
269,135,1,385,356,10,36,395,392,4.946296296296296,28,0
270,136,1,385,356,10,36,395,392,2.1592592592592594,23,0
271,136,1,385,356,10,36,395,392,2.1592592592592594,23,0
272,137,1,385,356,10,36,395,392,6.137037037037037,24,0
273,137,1,385,356,10,36,395,392,6.137037037037037,24,0
274,138,1,385,356,10,36,395,392,9.60925925925926,213,0
275,138,1,385,356,10,36,395,392,9.60925925925926,213,0
276,139,1,385,356,10,36,395,392,14.627777777777778,246,0
277,139,1,385,356,10,36,395,392,14.627777777777778,246,0
278,140,1,385,356,10,36,395,392,7.042592592592593,55,0
279,140,1,385,356,10,36,395,392,7.042592592592593,55,0
280,141,1,385,356,10,36,395,392,13.422222222222222,159,0
281,141,1,385,356,10,36,395,392,13.422222222222222,159,0
282,142,1,385,356,10,36,395,392,21.974074074074075,180,0
283,142,1,385,356,10,36,395,392,21.974074074074075,180,0
284,143,1,385,356,10,36,395,392,13.516666666666667,54,0
285,143,1,385,356,10,36,395,392,13.516666666666667,54,0
286,144,1,385,356,10,36,395,392,3.577777777777778,22,0
287,144,1,385,356,10,36,395,392,3.577777777777778,22,0
288,145,1,385,356,10,36,395,392,4.925925925925926,54,0
289,145,1,385,356,10,36,395,392,4.925925925925926,54,0
290,146,1,385,356,10,36,395,392,10.612962962962962,245,0
291,146,1,385,356,10,36,395,392,10.612962962962962,245,0
292,147,1,385,356,10,36,395,392,10.155555555555555,198,0
293,147,1,385,356,10,36,395,392,10.155555555555555,198,0
294,148,1,385,356,10,36,395,392,8.922222222222222,195,0
295,148,1,385,356,10,36,395,392,8.922222222222222,195,0
296,149,1,385,356,10,36,395,392,8.916666666666666,185,0
297,149,1,385,356,10,36,395,392,8.916666666666666,185,0
298,150,1,385,356,10,36,395,392,6.940740740740741,63,0
299,150,1,385,356,10,36,395,392,6.940740740740741,63,0
300,151,1,385,356,10,36,395,392,3.9166666666666665,25,0
301,151,1,385,356,10,36,395,392,3.9166666666666665,25,0
302,152,1,385,356,10,36,395,392,11.02037037037037,200,0
303,152,1,385,356,10,36,395,392,11.02037037037037,200,0
304,153,1,385,356,10,36,395,392,13.16851851851852,255,0
305,153,1,385,356,10,36,395,392,13.16851851851852,255,0
306,154,1,385,356,10,36,395,392,1.1,12,0
307,154,1,385,356,10,36,395,392,1.1,12,0
308,155,1,385,356,10,36,395,392,10.311111111111112,191,0
309,155,1,385,356,10,36,395,392,10.311111111111112,191,0
310,156,1,385,356,10,36,395,392,14.857407407407408,255,0
311,156,1,385,356,10,36,395,392,14.857407407407408,255,0
312,157,1,385,356,10,36,395,392,12.764814814814814,191,0
313,157,1,385,356,10,36,395,392,12.764814814814814,191,0
314,158,1,385,356,10,36,395,392,14.798148148148147,182,0
315,158,1,385,356,10,36,395,392,14.798148148148147,182,0
316,159,1,385,356,10,36,395,392,7.148148148148148,81,0
317,159,1,385,356,10,36,395,392,7.148148148148148,81,0
318,160,1,385,356,10,36,395,392,9.1,73,0
319,160,1,385,356,10,36,395,392,9.1,73,0
320,161,1,385,356,10,36,395,392,7.529629629629629,42,0
321,161,1,385,356,10,36,395,392,7.529629629629629,42,0
322,162,1,385,356,10,36,395,392,8.166666666666666,34,0
323,162,1,385,356,10,36,395,392,8.166666666666666,34,0
324,163,1,385,356,10,36,395,392,5.0962962962962965,30,0
325,163,1,385,356,10,36,395,392,5.0962962962962965,30,0
326,164,1,385,356,10,36,395,392,4.737037037037037,32,0
327,164,1,385,356,10,36,395,392,4.737037037037037,32,0
328,165,1,385,356,10,36,395,392,4.04074074074074,25,0
329,165,1,385,356,10,36,395,392,4.04074074074074,25,0
330,166,1,385,356,10,36,395,392,1.2722222222222221,20,0
331,166,1,385,356,10,36,395,392,1.2722222222222221,20,0
332,167,1,385,356,10,36,395,392,3.964814814814815,22,0
333,167,1,385,356,10,36,395,392,3.964814814814815,22,0
334,168,1,385,356,10,36,395,392,10.6,187,0
335,168,1,385,356,10,36,395,392,10.6,187,0
336,169,1,385,356,10,36,395,392,11.992592592592592,202,0
337,169,1,385,356,10,36,395,392,11.992592592592592,202,0
338,170,1,385,356,10,36,395,392,15.105555555555556,214,0
339,170,1,385,356,10,36,395,392,15.105555555555556,214,0
340,171,1,385,356,10,36,395,392,13.573148148148148,243,0
341,171,1,385,356,10,36,395,392,13.573148148148148,243,0
342,172,1,385,356,10,36,395,392,3.5444444444444443,84,0
343,172,1,385,356,10,36,395,392,3.5444444444444443,84,0
344,173,1,385,356,10,36,395,392,6.642592592592592,156,0
345,173,1,385,356,10,36,395,392,6.642592592592592,156,0
346,174,1,385,356,10,36,395,392,9.61111111111111,172,0
347,174,1,385,356,10,36,395,392,9.61111111111111,172,0
348,175,1,385,356,10,36,395,392,5.231481481481482,38,0
349,175,1,385,356,10,36,395,392,5.231481481481482,38,0
350,176,1,385,356,10,36,395,392,5.481481481481482,36,0
351,176,1,385,356,10,36,395,392,5.481481481481482,36,0
352,177,1,385,356,10,36,395,392,5.446296296296296,29,0
353,177,1,385,356,10,36,395,392,5.446296296296296,29,0
354,178,1,385,356,10,36,395,392,11.059259259259258,185,0
355,178,1,385,356,10,36,395,392,11.059259259259258,185,0
356,179,1,385,356,10,36,395,392,11.151851851851852,153,0
357,179,1,385,356,10,36,395,392,11.151851851851852,153,0
358,180,1,385,356,10,36,395,392,7.058333333333334,50,0
359,180,1,385,356,10,36,395,392,7.058333333333334,50,0
360,181,1,385,356,10,36,395,392,4.4222222222222225,32,0
361,181,1,385,356,10,36,395,392,4.4222222222222225,32,0
362,182,1,385,356,10,36,395,392,3.7925925925925927,44,0
363,182,1,385,356,10,36,395,392,3.7925925925925927,44,0
364,183,1,385,356,10,36,395,392,2.3722222222222222,32,0
365,183,1,385,356,10,36,395,392,2.3722222222222222,32,0
366,184,1,385,356,10,36,395,392,1.1870370370370371,23,0
367,184,1,385,356,10,36,395,392,1.1870370370370371,23,0
368,185,1,385,356,10,36,395,392,4.55,61,0
369,185,1,385,356,10,36,395,392,4.55,61,0
370,186,1,385,356,10,36,395,392,3.6055555555555556,55,0
371,186,1,385,356,10,36,395,392,3.6055555555555556,55,0
372,187,1,385,356,10,36,395,392,4.957407407407407,41,0
373,187,1,385,356,10,36,395,392,4.957407407407407,41,0
374,188,1,385,356,10,36,395,392,5.472222222222222,55,0
375,188,1,385,356,10,36,395,392,5.472222222222222,55,0
376,189,1,385,356,10,36,395,392,5.6648148148148145,62,0
377,189,1,385,356,10,36,395,392,5.6648148148148145,62,0
378,190,1,385,356,10,36,395,392,5.568518518518519,45,0
379,190,1,385,356,10,36,395,392,5.568518518518519,45,0
380,191,1,385,356,10,36,395,392,4.92037037037037,25,0
381,191,1,385,356,10,36,395,392,4.92037037037037,25,0
382,192,1,385,356,10,36,395,392,2.672222222222222,20,0
383,192,1,385,356,10,36,395,392,2.672222222222222,20,0
384,193,1,385,356,10,36,395,392,3.3648148148148147,22,0
385,193,1,385,356,10,36,395,392,3.3648148148148147,22,0
386,194,1,385,356,10,36,395,392,1.9462962962962962,21,0
387,194,1,385,356,10,36,395,392,1.9462962962962962,21,0
388,195,1,385,356,10,36,395,392,0.5333333333333333,13,0
389,195,1,385,356,10,36,395,392,0.5333333333333333,13,0
390,196,1,385,356,10,36,395,392,1.0611111111111111,24,0
391,196,1,385,356,10,36,395,392,1.0611111111111111,24,0
392,197,1,385,356,10,36,395,392,0.0,0,0
393,197,1,385,356,10,36,395,392,0.0,0,0
394,198,1,385,356,10,36,395,392,6.79074074074074,149,0
395,198,1,385,356,10,36,395,392,6.79074074074074,149,0
396,199,1,385,356,10,36,395,392,7.127777777777778,144,0
397,199,1,385,356,10,36,395,392,7.127777777777778,144,0
398,200,1,385,356,10,36,395,392,10.407407407407407,105,0
399,200,1,385,356,10,36,395,392,10.407407407407407,105,0
400,201,1,385,356,10,36,395,392,3.3740740740740742,60,0
401,201,1,385,356,10,36,395,392,3.3740740740740742,60,0
402,202,1,385,356,10,36,395,392,8.031481481481482,247,0
403,202,1,385,356,10,36,395,392,8.031481481481482,247,0
404,203,1,385,356,10,36,395,392,5.979629629629629,255,0
405,203,1,385,356,10,36,395,392,5.979629629629629,255,0
406,204,1,385,356,10,36,395,392,4.4,64,0
407,204,1,385,356,10,36,395,392,4.4,64,0
408,205,1,385,356,10,36,395,392,4.05462962962963,38,0
409,205,1,385,356,10,36,395,392,4.05462962962963,38,0
410,206,1,385,356,10,36,395,392,8.424074074074074,183,0
411,206,1,385,356,10,36,395,392,8.424074074074074,183,0
412,207,1,385,356,10,36,395,392,9.77962962962963,163,0
413,207,1,385,356,10,36,395,392,9.77962962962963,163,0
414,208,1,385,356,10,36,395,392,6.727777777777778,41,0
415,208,1,385,356,10,36,395,392,6.727777777777778,41,0
416,209,1,385,356,10,36,395,392,8.864814814814816,195,0
417,209,1,385,356,10,36,395,392,8.864814814814816,195,0
418,210,1,385,356,10,36,395,392,10.266666666666667,182,0
419,210,1,385,356,10,36,395,392,10.266666666666667,182,0
420,211,1,385,356,10,36,395,392,7.2518518518518515,45,0
421,211,1,385,356,10,36,395,392,7.2518518518518515,45,0
422,212,1,385,356,10,36,395,392,4.962962962962963,37,0
423,212,1,385,356,10,36,395,392,4.962962962962963,37,0
424,213,1,385,356,10,36,395,392,4.0,34,0
425,213,1,385,356,10,36,395,392,4.0,34,0
426,214,1,385,356,10,36,395,392,3.164814814814815,16,0
427,214,1,385,356,10,36,395,392,3.164814814814815,16,0
428,215,1,385,356,10,36,395,392,5.275925925925926,208,0
429,215,1,385,356,10,36,395,392,5.275925925925926,208,0
430,216,1,385,356,10,36,395,392,8.033333333333333,161,0
431,216,1,385,356,10,36,395,392,8.033333333333333,161,0
432,217,1,385,356,10,36,395,392,3.5462962962962963,57,0
433,217,1,385,356,10,36,395,392,3.5462962962962963,57,0
434,218,1,385,356,10,36,395,392,11.57037037037037,174,0
435,218,1,385,356,10,36,395,392,11.57037037037037,174,0
436,219,1,385,356,10,36,395,392,8.9,83,0
437,219,1,385,356,10,36,395,392,8.9,83,0
438,220,1,385,356,10,36,395,392,17.312962962962963,152,0
439,220,1,385,356,10,36,395,392,17.312962962962963,152,0
440,221,1,385,356,10,36,395,392,3.3074074074074074,36,0
441,221,1,385,356,10,36,395,392,3.3074074074074074,36,0
442,222,1,385,356,10,36,395,392,2.9851851851851854,29,0
443,222,1,385,356,10,36,395,392,2.9851851851851854,29,0
444,223,1,385,356,10,36,395,392,4.7444444444444445,38,0
445,223,1,385,356,10,36,395,392,4.7444444444444445,38,0
446,224,1,385,356,10,36,395,392,13.298148148148147,188,0
447,224,1,385,356,10,36,395,392,13.298148148148147,188,0
448,225,1,385,356,10,36,395,392,16.616666666666667,219,0
449,225,1,385,356,10,36,395,392,16.616666666666667,219,0
450,226,1,385,356,10,36,395,392,7.242592592592593,59,0
451,226,1,385,356,10,36,395,392,7.242592592592593,59,0
452,227,1,385,356,10,36,395,392,5.7481481481481485,35,0
453,227,1,385,356,10,36,395,392,5.7481481481481485,35,0
454,228,1,385,356,10,36,395,392,5.04074074074074,39,0
455,228,1,385,356,10,36,395,392,5.04074074074074,39,0
456,229,1,385,356,10,36,395,392,3.3944444444444444,21,0
457,229,1,385,356,10,36,395,392,3.3944444444444444,21,0
458,230,1,385,356,10,36,395,392,9.166666666666666,82,0
459,230,1,385,356,10,36,395,392,9.166666666666666,82,0
460,231,1,385,356,10,36,395,392,13.250925925925927,199,0
461,231,1,385,356,10,36,395,392,13.250925925925927,199,0
462,232,1,385,356,10,36,395,392,10.199074074074074,169,0
463,232,1,385,356,10,36,395,392,10.199074074074074,169,0
464,233,1,385,356,10,36,395,392,3.936111111111111,31,0
465,233,1,385,356,10,36,395,392,3.936111111111111,31,0
466,234,1,385,356,10,36,395,392,14.362962962962962,199,0
467,234,1,385,356,10,36,395,392,14.362962962962962,199,0
468,235,1,385,356,10,36,395,392,18.13425925925926,215,0
469,235,1,385,356,10,36,395,392,18.13425925925926,215,0
470,236,1,385,356,10,36,395,392,7.732407407407408,138,0
471,236,1,385,356,10,36,395,392,7.732407407407408,138,0
472,237,1,385,356,10,36,395,392,5.069444444444445,47,0
473,237,1,385,356,10,36,395,392,5.069444444444445,47,0
474,238,1,385,356,10,36,395,392,5.442592592592592,40,0
475,238,1,385,356,10,36,395,392,5.442592592592592,40,0
476,239,1,385,356,10,36,395,392,6.535185185185185,48,0
477,239,1,385,356,10,36,395,392,6.535185185185185,48,0
478,240,1,385,356,10,36,395,392,15.052777777777777,237,0
479,240,1,385,356,10,36,395,392,15.052777777777777,237,0
480,241,1,385,356,10,36,395,392,13.322222222222223,224,0
481,241,1,385,356,10,36,395,392,13.322222222222223,224,0
482,242,1,385,356,10,36,395,392,4.572222222222222,65,0
483,242,1,385,356,10,36,395,392,4.572222222222222,65,0
484,243,1,385,356,10,36,395,392,4.529629629629629,57,0
485,243,1,385,356,10,36,395,392,4.529629629629629,57,0
486,244,1,385,356,10,36,395,392,0.0,0,0
487,244,1,385,356,10,36,395,392,0.0,0,0
488,245,1,385,356,10,36,395,392,10.751851851851852,101,0
489,245,1,385,356,10,36,395,392,10.751851851851852,101,0
490,246,1,385,356,10,36,395,392,7.75,91,0
491,246,1,385,356,10,36,395,392,7.75,91,0
492,247,1,385,356,10,36,395,392,4.242592592592593,52,0
493,247,1,385,356,10,36,395,392,4.242592592592593,52,0
494,248,1,385,356,10,36,395,392,5.525925925925926,44,0
495,248,1,385,356,10,36,395,392,5.525925925925926,44,0
496,249,1,385,356,10,36,395,392,15.185185185185185,238,0
497,249,1,385,356,10,36,395,392,15.185185185185185,238,0
498,250,1,385,356,10,36,395,392,11.187037037037037,156,0
499,250,1,385,356,10,36,395,392,11.187037037037037,156,0
500,251,1,385,356,10,36,395,392,4.8277777777777775,35,0
501,251,1,385,356,10,36,395,392,4.8277777777777775,35,0
502,252,1,385,356,10,36,395,392,10.737037037037037,132,0
503,252,1,385,356,10,36,395,392,10.737037037037037,132,0
504,253,1,385,356,10,36,395,392,11.116666666666667,122,0
505,253,1,385,356,10,36,395,392,11.116666666666667,122,0
506,254,1,385,356,10,36,395,392,7.618518518518519,146,0
507,254,1,385,356,10,36,395,392,7.618518518518519,146,0
508,255,1,385,356,10,36,395,392,5.303703703703704,82,0
509,255,1,385,356,10,36,395,392,5.303703703703704,82,0
510,256,1,385,356,10,36,395,392,0.0,0,0
511,256,1,385,356,10,36,395,392,0.0,0,0
512,257,1,385,356,10,36,395,392,9.337037037037037,197,0
513,257,1,385,356,10,36,395,392,9.337037037037037,197,0
514,258,1,385,356,10,36,395,392,9.722222222222221,180,0
515,258,1,385,356,10,36,395,392,9.722222222222221,180,0
516,259,1,385,356,10,36,395,392,4.455555555555556,45,0
517,259,1,385,356,10,36,395,392,4.455555555555556,45,0
518,260,1,385,356,10,36,395,392,13.933333333333334,231,0
519,260,1,385,356,10,36,395,392,13.933333333333334,231,0
520,261,1,385,356,10,36,395,392,10.593518518518518,194,0
521,261,1,385,356,10,36,395,392,10.593518518518518,194,0
522,262,1,385,356,10,36,395,392,5.395370370370371,34,0
523,262,1,385,356,10,36,395,392,5.395370370370371,34,0
524,263,1,385,356,10,36,395,392,5.15,37,0
525,263,1,385,356,10,36,395,392,5.15,37,0
526,264,1,385,356,10,36,395,392,6.575925925925926,38,0
527,264,1,385,356,10,36,395,392,6.575925925925926,38,0
528,265,1,385,356,10,36,395,392,6.006481481481481,38,0
529,265,1,385,356,10,36,395,392,6.006481481481481,38,0
530,266,1,385,356,10,36,395,392,17.69814814814815,235,0
531,266,1,385,356,10,36,395,392,17.69814814814815,235,0
532,267,1,385,356,10,36,395,392,14.208333333333334,215,0
533,267,1,385,356,10,36,395,392,14.208333333333334,215,0
534,268,1,385,356,10,36,395,392,2.3814814814814813,22,0
535,268,1,385,356,10,36,395,392,2.3814814814814813,22,0
536,269,1,385,356,10,36,395,392,2.783333333333333,15,0
537,269,1,385,356,10,36,395,392,2.783333333333333,15,0
538,270,1,385,356,10,36,395,392,7.033333333333333,54,0
539,270,1,385,356,10,36,395,392,7.033333333333333,54,0
540,271,1,385,356,10,36,395,392,4.559259259259259,32,0
541,271,1,385,356,10,36,395,392,4.559259259259259,32,0
542,272,1,385,356,10,36,395,392,5.438888888888889,40,0
543,272,1,385,356,10,36,395,392,5.438888888888889,40,0
544,273,1,385,356,10,36,395,392,10.290740740740741,157,0
545,273,1,385,356,10,36,395,392,10.290740740740741,157,0
546,274,1,385,356,10,36,395,392,17.119444444444444,249,0
547,274,1,385,356,10,36,395,392,17.119444444444444,249,0
548,275,1,385,356,10,36,395,392,2.751851851851852,23,0
549,275,1,385,356,10,36,395,392,2.751851851851852,23,0
550,276,1,385,356,10,36,395,392,6.377777777777778,12,0
551,276,1,385,356,10,36,395,392,6.377777777777778,12,0
552,277,1,385,356,10,36,395,392,5.549074074074074,37,0
553,277,1,385,356,10,36,395,392,5.549074074074074,37,0
554,278,1,385,356,10,36,395,392,9.233333333333333,178,0
555,278,1,385,356,10,36,395,392,9.233333333333333,178,0
556,279,1,385,356,10,36,395,392,7.992592592592593,141,0
557,279,1,385,356,10,36,395,392,7.992592592592593,141,0
558,280,1,385,356,10,36,395,392,6.896296296296296,42,0
559,280,1,385,356,10,36,395,392,6.896296296296296,42,0
560,281,1,385,356,10,36,395,392,5.059259259259259,30,0
561,281,1,385,356,10,36,395,392,5.059259259259259,30,0
562,282,1,385,356,10,36,395,392,3.474074074074074,24,0
563,282,1,385,356,10,36,395,392,3.474074074074074,24,0
564,283,1,385,356,10,36,395,392,13.775925925925925,255,0
565,283,1,385,356,10,36,395,392,13.775925925925925,255,0
566,284,1,385,356,10,36,395,392,13.424074074074074,255,0
567,284,1,385,356,10,36,395,392,13.424074074074074,255,0
568,285,1,385,356,10,36,395,392,3.4,72,0
569,285,1,385,356,10,36,395,392,3.4,72,0
